{
  "accuracy": 0.9745,
  "f1_score": 0.9745001338753011,
  "precision": 0.9745241430965724,
  "recall": 0.9745
}