{
  "accuracy": 0.9699774831123342,
  "f1_score": 0.9699769832271657,
  "precision": 0.9700002850540276,
  "recall": 0.9699774831123342
}